{"cameraMode":{"drawMode":0,"name":"Shaded","section":"Shading Mode"},"sceneLighting":true,"audioPlay":false,"sceneViewState":{"showFog":true,"showMaterialUpdate":false,"showSkybox":true,"showFlares":true,"showImageEffects":true,"showParticleSystems":true},"in2DMode":false,"pivot":{"x":360.3831787109375,"y":20.967449188232423,"z":252.23728942871095},"rotation":{"x":-0.062256820499897,"y":0.879025399684906,"z":-0.11967173963785172,"w":-0.45729416608810427},"size":7.728593826293945,"orthographic":false}