{"cameraMode":{"drawMode":0,"name":"Shaded","section":"Shading Mode"},"sceneLighting":true,"audioPlay":false,"sceneViewState":{"showFog":true,"showMaterialUpdate":false,"showSkybox":true,"showFlares":true,"showImageEffects":true,"showParticleSystems":true},"in2DMode":false,"pivot":{"x":371.5942077636719,"y":17.76030921936035,"z":346.1609191894531},"rotation":{"x":0.0716218575835228,"y":0.2929670810699463,"z":-0.022022079676389695,"w":0.9532036781311035},"size":9.037546157836914,"orthographic":false}