{"cameraMode":{"drawMode":0,"name":"Shaded","section":"Shading Mode"},"sceneLighting":true,"audioPlay":false,"sceneViewState":{"showFog":true,"showMaterialUpdate":false,"showSkybox":true,"showFlares":true,"showImageEffects":true,"showParticleSystems":true},"in2DMode":false,"pivot":{"x":367.6721496582031,"y":13.82262134552002,"z":213.38162231445313},"rotation":{"x":-0.06814198195934296,"y":0.15208503603935243,"z":-0.010504488833248616,"w":-0.9859951138496399},"size":13.022601127624512,"orthographic":false}