{"cameraMode":{"drawMode":0,"name":"Shaded","section":"Shading Mode"},"sceneLighting":true,"audioPlay":false,"sceneViewState":{"showFog":true,"showMaterialUpdate":false,"showSkybox":true,"showFlares":true,"showImageEffects":true,"showParticleSystems":true},"in2DMode":false,"pivot":{"x":371.5724182128906,"y":13.767144203186036,"z":200.2366180419922},"rotation":{"x":0.08221837133169174,"y":-0.8648285269737244,"z":0.1506780982017517,"w":0.47187262773513796},"size":7.228667259216309,"orthographic":false}