{"cameraMode":{"drawMode":0,"name":"Shaded","section":"Shading Mode"},"sceneLighting":true,"audioPlay":false,"sceneViewState":{"showFog":true,"showMaterialUpdate":false,"showSkybox":true,"showFlares":true,"showImageEffects":true,"showParticleSystems":true},"in2DMode":false,"pivot":{"x":412.0974426269531,"y":9.221646308898926,"z":331.13739013671877},"rotation":{"x":-0.14460283517837525,"y":0.2830634117126465,"z":-0.04321478307247162,"w":-0.9471583366394043},"size":15.188440322875977,"orthographic":false}