{"cameraMode":{"drawMode":0,"name":"Shaded","section":"Shading Mode"},"sceneLighting":true,"audioPlay":false,"sceneViewState":{"showFog":true,"showMaterialUpdate":false,"showSkybox":true,"showFlares":true,"showImageEffects":true,"showParticleSystems":true},"in2DMode":false,"pivot":{"x":363.307373046875,"y":11.888129234313965,"z":259.3639221191406},"rotation":{"x":-0.17364373803138734,"y":0.7835271954536438,"z":-0.2514213025569916,"w":-0.5411747097969055},"size":3.2722628116607668,"orthographic":false}