{"cameraMode":{"drawMode":0,"name":"Shaded","section":"Shading Mode"},"sceneLighting":false,"audioPlay":false,"sceneViewState":{"showFog":true,"showMaterialUpdate":false,"showSkybox":false,"showFlares":true,"showImageEffects":true,"showParticleSystems":true},"in2DMode":false,"pivot":{"x":362.7796630859375,"y":14.822027206420899,"z":266.5643615722656},"rotation":{"x":-0.07610446214675904,"y":0.9032281041145325,"z":-0.179808109998703,"w":-0.3823595345020294},"size":0.1907964050769806,"orthographic":false}