{"cameraMode":{"drawMode":0,"name":"Shaded","section":"Shading Mode"},"sceneLighting":true,"audioPlay":false,"sceneViewState":{"showFog":true,"showMaterialUpdate":false,"showSkybox":true,"showFlares":true,"showImageEffects":true,"showParticleSystems":true},"in2DMode":false,"pivot":{"x":414.9129943847656,"y":6.676932334899902,"z":430.2207336425781},"rotation":{"x":-0.22423982620239259,"y":0.5011270046234131,"z":-0.13627420365810395,"w":-0.8246767520904541},"size":8.13632869720459,"orthographic":false}